-- Seed data for testing — deterministic UUIDs for reproducibility

-- Community
INSERT INTO communities (id, name, city, total_units) VALUES
  ('00000000-0000-0000-0000-000000000001', 'Palm Meadows', 'Bangalore', 500);

-- Blocks
INSERT INTO blocks (id, community_id, name) VALUES
  ('00000000-0000-0000-0000-000000000011', '00000000-0000-0000-0000-000000000001', 'Tower A'),
  ('00000000-0000-0000-0000-000000000012', '00000000-0000-0000-0000-000000000001', 'Tower B');

-- Units
INSERT INTO units (id, community_id, block_id, unit_number, floor, owner_name, status) VALUES
  ('00000000-0000-0000-0000-000000000101', '00000000-0000-0000-0000-000000000001', '00000000-0000-0000-0000-000000000011', '301', 3, 'Priya Sharma', 'occupied'),
  ('00000000-0000-0000-0000-000000000102', '00000000-0000-0000-0000-000000000001', '00000000-0000-0000-0000-000000000011', '205', 2, 'Rajan Kumar', 'occupied'),
  ('00000000-0000-0000-0000-000000000103', '00000000-0000-0000-0000-000000000001', '00000000-0000-0000-0000-000000000011', '107', 1, 'Anil Nair', 'occupied'),
  ('00000000-0000-0000-0000-000000000104', '00000000-0000-0000-0000-000000000001', '00000000-0000-0000-0000-000000000012', '502', 5, 'Meera Patel', 'occupied'),
  ('00000000-0000-0000-0000-000000000105', '00000000-0000-0000-0000-000000000001', '00000000-0000-0000-0000-000000000012', '103', 1, 'Suresh Iyer', 'occupied');

-- Residents
INSERT INTO residents (id, community_id, unit_id, name, mobile, type, is_primary) VALUES
  ('00000000-0000-0000-0000-000000001001', '00000000-0000-0000-0000-000000000001', '00000000-0000-0000-0000-000000000101', 'Priya Sharma',  '9876543210', 'owner', TRUE),
  ('00000000-0000-0000-0000-000000001002', '00000000-0000-0000-0000-000000000001', '00000000-0000-0000-0000-000000000102', 'Rajan Kumar',   '9876543211', 'owner', TRUE),
  ('00000000-0000-0000-0000-000000001003', '00000000-0000-0000-0000-000000000001', '00000000-0000-0000-0000-000000000103', 'Anil Nair',     '9876543212', 'owner', TRUE),
  ('00000000-0000-0000-0000-000000001004', '00000000-0000-0000-0000-000000000001', '00000000-0000-0000-0000-000000000104', 'Meera Patel',   '9876543213', 'owner', TRUE),
  ('00000000-0000-0000-0000-000000001005', '00000000-0000-0000-0000-000000000001', '00000000-0000-0000-0000-000000000105', 'Suresh Iyer',   '9876543214', 'owner', TRUE);

-- Vehicles
-- RFID uid hashes: SHA-256 of the string UID
--   10010001 -> 452298b09fa2a704b4e60f6827a382be159f5990330f4e0a766a89ebb6a36c4d
--   10020002 -> 681695ab39f5e1cf92b7cee029f73c19a1cc346b8411e57be4c215030d64ffa9
--   10030003 -> ec68750e650a4931b3a94fc621f35b67228716acdb0b7c7fe8960679a8faabc4
INSERT INTO vehicles (id, community_id, unit_id, resident_id, plate, plate_display, make, model, color, type, rfid_uid_hash, rfid_card_no) VALUES
  ('00000000-0000-0000-0000-000000010001', '00000000-0000-0000-0000-000000000001', '00000000-0000-0000-0000-000000000101', '00000000-0000-0000-0000-000000001001', 'KA05MF1234', 'KA 05 MF 1234', 'Honda',   'City',    'White',  'car', '452298b09fa2a704b4e60f6827a382be159f5990330f4e0a766a89ebb6a36c4d', '10010001'),
  ('00000000-0000-0000-0000-000000010002', '00000000-0000-0000-0000-000000000001', '00000000-0000-0000-0000-000000000102', '00000000-0000-0000-0000-000000001002', 'KA05EB2345', 'KA 05 EB 2345', 'Toyota',  'Innova',  'Silver', 'car', '681695ab39f5e1cf92b7cee029f73c19a1cc346b8411e57be4c215030d64ffa9', '10020002'),
  ('00000000-0000-0000-0000-000000010003', '00000000-0000-0000-0000-000000000001', '00000000-0000-0000-0000-000000000103', '00000000-0000-0000-0000-000000001003', 'KA09AB5678', 'KA 09 AB 5678', 'Hyundai', 'Creta',   'Blue',   'car', 'ec68750e650a4931b3a94fc621f35b67228716acdb0b7c7fe8960679a8faabc4', '10030003'),
  ('00000000-0000-0000-0000-000000010004', '00000000-0000-0000-0000-000000000001', '00000000-0000-0000-0000-000000000104', '00000000-0000-0000-0000-000000001004', 'MH12CD3456', 'MH 12 CD 3456', 'Maruti',  'Swift',   'Red',    'car', NULL, NULL),
  ('00000000-0000-0000-0000-000000010005', '00000000-0000-0000-0000-000000000001', '00000000-0000-0000-0000-000000000105', '00000000-0000-0000-0000-000000001005', 'TN22EF7890', 'TN 22 EF 7890', 'Tata',    'Nexon',   'Black',  'car', NULL, NULL);

-- Gate
INSERT INTO gates (id, community_id, name, type) VALUES
  ('00000000-0000-0000-0000-000000100001', '00000000-0000-0000-0000-000000000001', 'Main Gate', 'entry');

-- Blacklist entries
-- RFID uid hash for 99990001: 8b318405482230b2e23a080df06fc97197d0d7f6b5cad1f0a3fa1919bbdeb523
INSERT INTO blacklist (id, community_id, plate, rfid_uid_hash, reason) VALUES
  ('00000000-0000-0000-0000-000001000001', '00000000-0000-0000-0000-000000000001', 'DL01ZZ9999', NULL, 'Unauthorized entry attempt'),
  ('00000000-0000-0000-0000-000001000002', '00000000-0000-0000-0000-000000000001', NULL, '8b318405482230b2e23a080df06fc97197d0d7f6b5cad1f0a3fa1919bbdeb523', 'Stolen RFID card');
